이름,구좌
장승진,20
한성준,20
김영식,10
안정아,10
이은규,10
홍경숙,10
손은정,7
김애희,6
강찬구,5
곽문기,5
권신영,5
김수희,5
김현승,5
백윤선,5
양경란,5
양요한,5
엄익환,5
윤태호,5
이미영,5
이병주,5
이병환,5
임정연,5
장진우,5
전안나,5
정재윤,5
조은애,5
조일육,5
한지선,5
홍인기,5
강은혜,4
남현욱,4
박정옥,4
정철모,4
강남희,3
구돈회,3
김선희,3
김성애,3
김수경,3
김연경,3
김영덕,3
김은영,3
김정연,3
김주실,3
김태훈,3
김현경,3
김혜진,3
남궁욱,3
노규호,3
류지명,3
박경희,3
박보은,3
박유진,3
방미향,3
신미경,3
양지선,3
오정,3
우영혜,3
유지현,3
유태종,3
윤재윤,3
이상기,3
이소정,3
이수경,3
이영미,3
이은영,3
이인성,3
이종갑,3
이준복,3
임종혁,3
장윤정,3
장은주,3
전슬기,3
정민경,3
조아라,3
조은주,3
조창완,3
채보준,3
최경화,3
최나영,3
최두진,3
최선진,3
최유리,3
황유정,3
강영희,2
강지연,2
구다슬,2
금하영,2
김경선,2
김경희,2
김경희,2
김대현,2
김미란,2
김복환,2
김성은,2
김성은,2
김순애,2
김윤선,2
김윤영,2
김은선,2
김은정,2
김주화,2
김준이,2
김혜경,2
김효선,2
문기석,2
문수정,2
문희진,2
박다희,2
박민하,2
박선미,2
박애영,2
박영미,2
박예빈,2
박은경,2
박은혜,2
박종구,2
박주호,2
박충만,2
서현아,2
석혜진,2
손지훈,2
송란,2
신성옥,2
신중훈,2
심원보,2
안병욱,2
안선민,2
양정아,2
오도경,2
오예람,2
용유찬,2
우혜경,2
유정수,2
유진아,2
유차옥,2
윤문희,2
윤소라,2
윤지연,2
이경아,2
이경아,2
이경탁,2
이슬희,2
이애리,2
이영진,2
이용춘,2
이정욱,2
이정훈,2
이준원,2
이지수,2
임병호,2
임재성,2
임종화,2
장수은,2
정수현,2
정원,2
정윤석,2
정창규,2
조강희,2
조성우,2
조안나,2
조희국,2
지호선,2
최병화,2
최은정,2
최인숙,2
최정은,2
한아름,2
한정은,2
한진희,2
허난설,2
홍은민,2
황영주,2
황진영,2
강민석,1
강준구,1
곽현지,1
구배호,1
권범석,1
권혁민,1
권혁일,1
권혜경,1
기은미,1
김경애,1
김경은,1
김남숙,1
김미라,1
김미연,1
김미영,1
김미진,1
김민숙,1
김민정,1
김성수,1
김수길,1
김예진,1
김옥희,1
김재균,1
김종대,1
김지혜,1
김진주,1
김태현,1
김현섭,1
김형준,1
김혜선,1
김혜연,1
노명원,1
노수미,1
문경성,1
박경수,1
박길수,1
박덕신,1
박미성,1
박성갑,1
박세라,1
박수미,1
박숙영,1
박예리,1
박윤희,1
박인숙,1
박정선,1
박지선,1
박지현,1
박혜원,1
박홍근,1
방윤정,1
배선영,1
백성희,1
송정은,1
송지수,1
송혜란,1
신상수,1
신유정,1
신현미,1
심보경,1
안정순,1
안정희,1
안지영,1
오순정,1
오재길,1
오희경,1
유명숙,1
유주현,1
유한나,1
이경미,1
이고운,1
이규철,1
이민영,1
이민정,1
이아진,1
이예은,1
이정순,1
이정연,1
이정은,1
이종혁,1
이지선,1
이지은,1
이진주,1
이화진,1
이효림,1
임아름,1
임지혜,1
임태규,1
정대영,1
정병오,1
정상경,1
정세희,1
정연석,1
정예지,1
정욱채,1
정유선,1
정재윤,1
정주아,1
정지녕,1
정한상,1
조경환,1
조광래,1
조태늠,1
진형근,1
차상우,1
천고운,1
최경희,1
최선아,1
최은혜,1
최지연,1
하윤명,1
하인성,1
한송희,1
한은희,1
현선숙,1
현한나,1
홍상희,1
홍순창,1
홍주상,1
황선화,1
